run,status,model,backbone,loss,loss_display,venue,year,family,loss_variant,epochs,best_val_miou,best_val_miou_epoch,best_val_miou_present,best_val_miou_present_epoch,final_val_miou,final_val_miou_present,final_train_loss,final_val_loss,min_val_loss,val_overfit_drop_from_best,test_loss,test_miou,test_miou_present,test_macro_f1,test_macro_f1_present,test_oa_fg,test_ce,test_dice,val_bestckpt_miou,val_bestckpt_miou_present,val_bestckpt_macro_f1_present,val_bestckpt_oa_fg,params_m,gmacs,gflops,latency_ms_1x3x512x512,peak_vram_gb,gflops_approx,venue_year
baseline1_augv2_ce_dice,completed,DeepLabV3+,ConvNeXt-Tiny,ce_dice,ce+dice,ECCV2018,2018.0,general,ce_dice,80.0,0.3291883170604706,31.0,0.354510486125946,31.0,0.308193,0.3319,0.091823,2.143362,1.263549,0.0209949999999999,1.8400355327180635,0.2782387733459472,0.3895342350006103,0.3757272660732269,0.5260181427001953,0.7189002633094788,1.3924526453600632,0.4475828877899334,0.3291883170604706,0.354510486125946,0.4635457694530487,0.775631844997406,29.310846,37.956944384,75.913888768,4.469504952430725,0.208587646484375,0.0,
deeplabv3p_resnet50_baseline1_augv2_ce_dice,completed,DeepLabV3+,ResNet-50,ce_dice,ce+dice,ECCV2018,2018.0,general,ce_dice,80.0,0.33786,12.0,0.33786,12.0,0.311163,0.311163,0.392373,2.25524,1.585969,0.0266969999999999,1.6095786386980406,0.2817021012306213,0.3662127256393432,0.3766948282718658,0.4897032678127289,0.7092264294624329,0.950923618246424,0.6586550203258289,0.33786,0.33786,0.450247,0.720427,26.680926,36.796105216,73.592210432,3.0033864080905914,0.23001861572265625,,
baseline3_augv2_focal_dice,completed,DeepLabV3+,ConvNeXt-Tiny,focal_dice,focal+dice,ECCV2018,2018.0,general,focal_dice,80.0,0.3325249552726745,62.0,0.3581037819385528,62.0,0.323406,0.348283,0.071715,1.937045,0.965769,0.0091189999999999,2.1654576100374503,0.266778290271759,0.3734896183013916,0.3619984090328216,0.5067977905273438,0.704845130443573,1.713123193555672,0.4523344188304378,0.3325249552726745,0.3581037819385528,0.4708722233772278,0.7464393973350525,29.310846,37.956944384,75.913888768,4.469504952430725,0.208587646484375,0.0,
deeplabv3p_resnet50_baseline3_augv2_focal_dice,completed,DeepLabV3+,ResNet-50,focal_dice,focal+dice,ECCV2018,2018.0,general,focal_dice,80.0,0.341482,65.0,0.346087,12.0,0.338495,0.338495,0.427569,1.874094,1.259846,0.002987,1.937400676791704,0.2929122447967529,0.351494699716568,0.4015683233737945,0.4818820059299469,0.7000296711921692,1.281799201101682,0.6556014751707756,0.321366,0.346087,0.465704,0.704226,26.680926,36.796105216,73.592210432,3.0033864080905914,0.23001861572265625,,
baseline2_augv2_weighted_ce_dice,completed,DeepLabV3+,ConvNeXt-Tiny,weighted_ce_dice,weighted_ce+dice,ECCV2018,2018.0,general,weighted_ce_dice,80.0,0.3481974303722381,29.0,0.3749818503856659,29.0,0.303323,0.326655,0.103218,2.487826,1.305387,0.0448739999999999,1.9635942622316689,0.2689876556396484,0.3765827119350433,0.370930939912796,0.5193032622337341,0.683983564376831,1.4996465996986523,0.4639476630089884,0.3481974303722381,0.3749818503856659,0.4984291493892669,0.7133991122245789,29.310846,37.956944384,75.913888768,4.469504952430725,0.208587646484375,0.0,
deeplabv3p_resnet50_baseline2_augv2_weighted_ce_dice,completed,DeepLabV3+,ResNet-50,weighted_ce_dice,weighted_ce+dice,ECCV2018,2018.0,general,weighted_ce_dice,80.0,0.342731,23.0,0.342731,23.0,0.311513,0.311513,0.398393,2.365715,1.799904,0.031218,2.1198045205851126,0.2644373178482055,0.3437685370445251,0.3657757341861725,0.4755083918571472,0.6951462030410767,1.3890674757358583,0.7307370465727492,0.342731,0.342731,0.462671,0.722419,26.680926,36.796105216,73.592210432,3.0033864080905914,0.23001861572265625,,
upernet_swin_tiny_goldmdd,completed,UPerNet,Swin-Tiny,ce_dice,ce+dice,ECCV2018,2018.0,general,ce_dice,80.0,0.2872806735219155,31.0,0.2872806735219155,31.0,,,,,,,,0.259304958061807,0.3370964454803491,0.3577870940847616,0.4651232223101901,0.6729409066548977,,,0.2872806735219155,0.2872806735219155,0.3876223939896788,0.6733043378524126,59.837142,236.058423168,472.116846336,22.634385526180267,0.5306243896484375,,
farseg_r50_native,completed,FarSeg,ResNet-50,native_ce,ce (native),CVPR2020,2020.0,remote_sensing,native_ce,80.0,0.2989459335803985,10.0,0.2989459335803985,10.0,0.2352841943502426,0.2533829808235168,0.1994934274881263,,,0.0636628717184067,,0.2970378696918487,0.3564454615116119,0.3938610255718231,0.4726332128047943,0.7130417227745056,,,0.2989459335803985,0.2989459335803985,0.4016658365726471,0.6666155457496643,31.369806,47.058059264,94.116118528,3.917762885491053,0.24139690399169922,1.0,
farseg_r50_baseline1_augv2_ce_dice,completed,FarSeg,ResNet-50,ce_dice,ce+dice,CVPR2020,2020.0,remote_sensing,ce_dice,80.0,0.3111245930194855,10.0,0.3111245930194855,10.0,0.24483023583889,0.24483023583889,0.7887007049514168,,,0.0662943571805954,,0.3097784221172333,0.371734082698822,0.4112056195735931,0.4934466779232025,0.6893256902694702,,,0.3111245930194855,0.3111245930194855,0.4113925099372864,0.6550097465515137,31.369806,47.058059264,94.116118528,3.917762885491053,0.24139690399169922,1.0,CVPR2020
farseg_r50_baseline2_augv2_weighted_ce_dice,completed,FarSeg,ResNet-50,weighted_ce_dice,weighted_ce+dice,CVPR2020,2020.0,remote_sensing,weighted_ce_dice,80.0,0.3073303401470184,51.0,0.3309711217880249,51.0,0.2888650596141815,0.311085432767868,0.7866479154270833,,,0.0184652805328368,,0.2601487040519714,0.3642081618309021,0.3618302941322326,0.506562352180481,0.6635982394218445,,,0.3073303401470184,0.3309711217880249,0.4607065320014953,0.5946054458618164,31.369806,47.058059264,94.116118528,3.917762885491053,0.24139690399169922,1.0,CVPR2020
farseg_baseline3_augv2_focal_dice,completed,FarSeg,ResNet-50,focal_dice,focal+dice,CVPR2020,2020.0,remote_sensing,focal_dice,80.0,0.3285807073116302,5.0,0.3285807073116302,5.0,,,,,,,,0.3119802474975586,0.3743763267993927,,0.4899227619171142,0.734235942363739,,,0.3285807073116302,0.3285807073116302,0.4309242665767669,0.7011801600456238,31.369806,47.058059264,94.116118528,3.917762885491053,0.24139690399169922,,CVPR2020
ocrnet_hr48_goldmdd,completed,OCRNet,HRNet-W48,ce_dice,ce+dice,ECCV2020,2020.0,general,ce_dice,80.0,0.2953660012315566,47.0,0.2953660012315566,47.0,,,,,,,,0.2268271749071257,0.272192609888551,0.3294590876404651,0.3953509051685581,0.5734632960845514,,,0.2953660012315566,0.2953660012315566,0.400791506831153,0.6781537389531945,70.365276,162.677076992,325.354153984,61.49441674351692,0.505185604095459,,
geoseg_abcnet_goldmdd_b8_e80_poly_ce_dice,completed,ABCNet,ResNet-18,ce_dice,ce+dice+aux_ce,ISPRSJPRS2021,2021.0,remote_sensing,ce_dice,80.0,0.3070305563620247,12.0,0.3070305563620247,12.0,,,,,,,,0.2621199240000844,0.3145439088001012,0.3584644481649621,0.4301573377979545,0.6831023779212047,,,0.3070305563620247,0.3070305563620247,0.4087480681452972,0.7066380801142901,13.964547,16.192988782,32.385977564,2.8119216362635293,0.10044193267822266,0.0,
geoseg_banet_goldmdd_b8_e80_poly_ce_dice,completed,BANet,ResT-Lite,ce_dice,ce+dice,RS2021,2021.0,remote_sensing,ce_dice,80.0,0.2778648479821125,31.0,0.2992390670576597,31.0,,,,,,,,0.2250397090622435,0.2925516217809165,0.3190125119382426,0.4147162655197153,0.6534527431864062,,,0.2778648479821125,0.2992390670576597,0.3969267151253461,0.7171518234326455,12.860838,15.690272723,31.380545446,4.814755419890086,0.10294437408447266,0.0,
segformer_b2_baseline1_augv2_ce_dice,completed,SegFormer,MiT-B2,ce_dice,ce+dice,NeurIPS2021,2021.0,general,ce_dice,80.0,0.3231017291545868,32.0,0.3479557037353515,32.0,0.299933,0.323005,0.320303,1.66057,1.178153,0.0231719999999999,2.015827596470094,0.2301275879144668,0.3221786618232727,0.3281116485595703,0.4593563079833984,0.6484355330467224,1.5524878100283328,0.4633397857427406,0.3231017291545868,0.3479557037353515,0.4555784463882446,0.773229718208313,27.35739,60.967436288,121.934872576,8.278821408748627,0.5439352989196777,0.0,
segformer_b2_baseline3_augv2_focal_dice,completed,SegFormer,MiT-B2,focal_dice,focal+dice,NeurIPS2021,2021.0,general,focal_dice,80.0,0.3250477313995361,17.0,0.3500514030456543,17.0,0.308108,0.331809,0.244224,1.471622,0.918235,0.01694,1.5318424088942275,0.2380328476428985,0.3332459926605224,0.3399950563907623,0.4759930670261383,0.6384700536727905,1.058208516071924,0.4736338920671276,0.3250477313995361,0.3500514030456543,0.4639978408813476,0.7633156776428223,27.35739,60.967436288,121.934872576,8.278821408748627,0.5439352989196777,0.0,
segformer_b2_baseline2_augv2_weighted_ce_dice,completed,SegFormer,MiT-B2,weighted_ce_dice,weighted_ce+dice,NeurIPS2021,2021.0,general,weighted_ce_dice,80.0,0.3423117101192474,2.0,0.3423117101192474,60.0,0.310967,0.334888,0.341273,1.856134,1.189826,0.031349,1.2217599215823172,0.308445930480957,0.4009796977043152,0.4074571430683136,0.5296942591667175,0.7162759304046631,0.7985189798397355,0.4232409413657184,0.3423117101192474,0.3423117101192474,0.4523288309574127,0.7439476251602173,27.35739,60.967436288,121.934872576,8.278821408748627,0.5439352989196777,0.0,
geoseg_a2fpn_goldmdd_b8_e80_poly_ce_dice,completed,A2FPN,ResNet-18,ce_dice,ce+dice,IJRS2022,2022.0,remote_sensing,ce_dice,80.0,0.3085395428444393,18.0,0.3085395428444393,18.0,,,,,,,,0.3073109302378401,0.3687731162854081,0.4028049686984116,0.483365962438094,0.7335251677692041,,,0.3085395428444393,0.3085395428444393,0.406823351499826,0.6810590040453779,12.162039,13.568292492,27.136584984,2.1228954195976257,0.21499872207641602,0.0,
geoseg_a2fpn_goldmdd_b8_e80_poly_focal_dice,completed,A2FPN,ResNet-18,focal_dice,focal+dice,IJRS2022,2022.0,remote_sensing,focal_dice,80.0,0.3026948719910238,2.0,0.3026948719910238,2.0,,,,,,,,0.280211112592242,0.3362533351106904,0.3835362096145731,0.4602434515374877,0.6658915810274241,,,0.3026948719910238,0.3026948719910238,0.405018587040946,0.6693139661158231,12.162039,13.568292492,27.136584984,2.1228954195976257,0.21499872207641602,0.0,
geoseg_a2fpn_goldmdd_b8_e80_poly_weighted_ce_dice,completed,A2FPN,ResNet-18,weighted_ce_dice,weighted_ce+dice,IJRS2022,2022.0,remote_sensing,weighted_ce_dice,80.0,0.295901160662591,12.0,0.3186627884058672,12.0,,,,,,,,0.265738677976797,0.3720341491675159,0.3648079675315552,0.5107311545441772,0.7093525186394763,,,0.295901160662591,0.3186627884058672,0.4405091949311103,0.6435324621214943,12.162039,13.568292492,27.136584984,2.1228954195976257,0.21499872207641602,0.0,
geoseg_manet_goldmdd_b8_e80_poly_ce_dice,completed,MANet,ResNet-50,ce_dice,ce+dice,TGRS2022,2022.0,remote_sensing,ce_dice,80.0,0.3146926055372336,31.0,0.3146926055372336,31.0,,,,,,,,0.3092725001414556,0.3711270001697467,,0.4922079185502218,0.6861501367852165,,,0.3146926055372336,0.3146926055372336,0.4107808177518859,0.6762619019051739,35.862934,54.807887506,109.615775012,4.793971528609593,0.39400577545166016,,
mask2former_r50_baseline_semseg_default,completed,Mask2Former,ResNet-50,native_set_prediction,set_matching_ce+mask+dice,CVPR2022,2022.0,general,native_set_prediction,80.0,0.3033392474793715,40.0,0.3033392474793715,40.0,0.2605519896219592,0.2605519896219592,22.193509109318256,,,0.0427872578574123,,0.2984563452762946,0.2984563452762946,,0.428480708046744,0.6560937347462505,,,0.3033392474793715,0.3033392474793715,0.4127984229735386,0.7111320495532241,44.006415,66.64537072,133.29074144,17.46299664179484,0.421262264251709,1.0,
segnext_tiny_goldmdd,completed,SegNeXt,MSCAN-Tiny,ce_dice,ce+dice,NeurIPS2022,2022.0,general,ce_dice,80.0,0.2895,75.0,0.2895538461538461,75.0,,,,,,,,0.1916014066858392,0.2682419693601748,0.2774034871561656,0.3883648820186319,0.606549873681741,,,0.2895,0.2895538461538461,0.3804830646467608,0.7429,4.228462,6.322454528,12.644909056,9.261239940921463,0.1672639846801757,,
geoseg_unetformer_goldmdd_b8_e80_poly_ce_dice,completed,UNetFormer,ResNet-18,ce_dice,ce+dice+aux_ce,ISPRSJPRS2022,2022.0,remote_sensing,ce_dice,80.0,0.3387749883081695,5.0,0.3387749883081695,5.0,,,,,,,,0.3284410540859876,0.3941292649031852,0.4293357022445043,0.5152028426934051,0.7276289654562467,,,0.3387749883081695,0.3387749883081695,0.4375194930138374,0.7641078568872756,11.725918,11.775443456,23.550886912,3.3975238601366677,0.08757352828979492,0.0,
geoseg_unetformer_goldmdd_b8_e80_poly_focal_dice_auxfocal,completed,UNetFormer,ResNet-18,focal_dice,focal+dice+aux_focal,ISPRSJPRS2022,2022.0,remote_sensing,focal_dice,80.0,0.3313733182268534,5.0,0.3313733182268534,5.0,,,,,,,,0.3137265189426795,0.3764718227312154,0.4157372069609248,0.4988846483531097,0.7182383989406592,,,0.3313733182268534,0.3313733182268534,0.4291254858293731,0.7378260084557534,11.725918,11.775443456,23.550886912,3.3975238601366677,0.08757352828979492,0.0,
geoseg_unetformer_goldmdd_b8_e80_poly_weighted_ce_dice_auxce,completed,UNetFormer,ResNet-18,weighted_ce_dice,weighted_ce+dice+aux_ce,ISPRSJPRS2022,2022.0,remote_sensing,weighted_ce_dice,80.0,0.327457219239917,25.0,0.327457219239917,25.0,,,,,,,,0.2743208158894049,0.3566170606562264,0.3793026119098982,0.4930933954828677,0.6810797171191484,,,0.327457219239917,0.327457219239917,0.4329266894696681,0.7242540287716995,11.725918,11.775443456,23.550886912,3.3975238601366677,0.08757352828979492,0.0,
afformer_base_goldmdd,completed,Afformer,AFFormer-Base,ce_dice,ce+dice,AAAI2023,2023.0,general,-,80.0,0.2928,76.0,0.3153230769230769,76.0,,,,,,,,0.2176379070241521,0.304693069833813,0.3115898745933124,0.4362258244306372,0.6389085149627277,,,0.2928,0.3153230769230769,0.4038128224226359,0.761,2.969002,4.28652392,8.57304784,7.470433538158734,0.1690754890441894,1.0,
efficientvit_b2_baseline1_augv2_ce_dice,completed,EfficientViT-Seg,EfficientViT-B2,ce_dice,ce+dice,ICCV2023,2023.0,general,ce_dice,80.0,0.3444159924983978,13.0,0.3444159924983978,64.0,0.324218,0.349158,0.725954,2.078805,1.570599,0.0202089999999999,1.6395058874977368,0.2713290154933929,0.3798606097698211,0.3617891669273376,0.5065048336982727,0.7258000373840332,0.7725811277266307,0.8669247610252188,0.3444159924983978,0.3444159924983978,0.458028644323349,0.7549968361854553,15.28019,9.157787648,18.315575296,6.42118938267231,0.1212944984436035,0.0,
efficientvit_b2_baseline3_augv2_focal_dice,completed,EfficientViT-Seg,EfficientViT-B2,focal_dice,focal+dice,ICCV2023,2023.0,general,focal_dice,80.0,0.3519584834575653,50.0,0.3790321946144104,50.0,0.346412,0.373059,0.673182,1.823821,1.264903,0.005579,1.60631697035654,0.2637917101383209,0.3693083822727203,0.3632533848285675,0.5085546970367432,0.678137481212616,0.7327751587319544,0.8735418106114874,0.3519584834575653,0.3790321946144104,0.5034011602401733,0.7379652261734009,15.28019,9.157787648,18.315575296,6.42118938267231,0.1212944984436035,0.0,
efficientvit_b2_baseline2_augv2_weighted_ce_dice,completed,EfficientViT-Seg,EfficientViT-B2,weighted_ce_dice,weighted_ce+dice,ICCV2023,2023.0,general,weighted_ce_dice,80.0,0.3565373420715332,68.0,0.3839632868766784,68.0,0.350541,0.377506,0.736138,2.182189,1.682795,0.0059859999999999,2.3055919287376945,0.2707337439060211,0.3790272176265716,0.3700544536113739,0.5180761814117432,0.715374767780304,1.4396368518815557,0.8659550773436225,0.3565373420715332,0.3839632868766784,0.5164226293563843,0.7507149577140808,15.28019,9.157787648,18.315575296,6.42118938267231,0.1212944984436035,0.0,
farsegpp_mitb2_native,completed,FarSeg++,MiT-B2,native_ce,ce (native),TGRS2023,2023.0,remote_sensing,native_ce,80.0,0.3049414753913879,65.0,0.3283985257148742,65.0,,,,,,,,0.2186801433563232,0.306152194738388,0.3112917244434356,0.4358084201812744,0.6668990254402161,,,0.3049414753913879,0.3283985257148742,0.4340575635433197,0.7590472102165222,32.556623,47.539657216,95.079314432,8.77459223071734,0.27840662002563477,,
rsseg_logcan_r50_ce_dice,completed,LoGCAN,ResNet-50,native_ce_aux,ce+aux_ce (native),ICASSP2023,2023.0,remote_sensing,native_ce_aux,80.0,0.2950549914632485,80.0,0.2950549914632485,80.0,0.2085,0.2085,,,,,,0.2590221256211382,0.3108265507453659,0.340043177581642,0.4080518130979704,0.7473967160780789,,,0.2950549914632485,0.2950549914632485,0.3798139503716721,0.7522029811762315,30.915732,49.612668928,99.225337856,6.053013975421588,0.2298388481140136,1.0,
rsseg_sacanet_hrnetw32,completed,SACANet,HRNet-W32,native_ce_aux,ce+aux_ce (native),ICME2023,2023.0,remote_sensing,native_ce_aux,80.0,0.2985112071037292,29.0,0.3214735984802246,29.0,,,,,,,,0.2533589601516723,0.3293666243553161,,0.455735981464386,0.6573339104652405,,,0.2985112071037292,0.3214735984802246,0.4190563559532165,0.687758207321167,30.270364,57.952124928,115.904249856,19.017934054136276,0.3072795867919922,,
seaformer_base_goldmdd,completed,SeaFormer,SeaFormer-Base,ce_dice,ce+dice,ICLR2023,2023.0,general,-,80.0,0.3116,37.0,0.3116230769230769,37.0,,,,,,,,0.2397788544890813,0.3117125108358057,0.3390874995354144,0.4408137493960388,0.6391730519131997,,,0.3116,0.3116230769230769,0.4019905614782233,0.7642,8.583758,1.737027584,3.474055168,12.466618667046228,0.1700191497802734,1.0,
cgrseg_b_goldmdd,completed,CGRSeg,EfficientFormerV2-B,ce_dice,ce+dice,ECCV2024,2024.0,general,ce_dice,80.0,0.3054052736020001,56.0,0.3054052736020001,56.0,,,,,,,,0.1913284755512903,0.2678598657718065,0.2829250829625098,0.3960951161475136,0.5844413041481534,,,0.3054052736020001,0.3054052736020001,0.3963171585649256,0.7576714183503814,19.079919,3.750152583,7.500305166,14.46316863099734,0.25689697265625,,
rsseg_docnet_hrnetw32,completed,DOCNet,HRNet-W32,native_ce_aux,ce+aux_ce (native),GRSL2024,2024.0,remote_sensing,native_ce_aux,80.0,0.2771865725517273,17.0,0.2771865725517273,17.0,,,,,,,,0.2420569062232971,0.3146739602088928,,0.4397945404052734,0.6785084009170532,,,0.2771865725517273,0.2771865725517273,0.3665275573730469,0.6567158699035645,39.126866,197.658645504,395.317291008,20.63637028137843,0.4263134002685547,,
pem_r50_baseline_semseg_default,completed,PEM,ResNet-50,native_set_prediction,set_matching_ce+mask+dice,CVPR2024,2024.0,general,native_set_prediction,80.0,0.2549435775142684,57.0,0.2549435775142684,57.0,0.2391110023174626,0.2391110023174626,19.52548596262932,,,0.0158325751968057,,0.2788634171270542,0.2788634171270542,0.4011146136534013,0.4011146136534013,0.6501844043437492,,,0.2549435775142684,0.2549435775142684,0.348263089005869,0.647592686359166,35.531296,30.300141808,60.600283616,11.51518647869428,0.3881421089172363,1.0,
rs3mamba_baseline1_augv2_ce_dice,completed,RS3Mamba,ResNet-18 + VMamba-Tiny,ce_dice,ce+dice,GRSL2024,2024.0,remote_sensing,ce_dice,80.0,0.15591,2.0,0.15591,2.0,2.2e-05,2.2e-05,,,1.891738,0.155888,1.6851544404567382,0.1987174302339553,0.2384609282016754,0.2566779851913452,0.3080135583877563,0.7257310748100281,0.8034431552331402,0.8817112841253174,0.15591,0.15591,0.217873,0.660145,43.325406,39.2956237175,78.591247435,11.601162950197857,0.4623637199401855,1.0,
rs3mamba_baseline3_augv2_focal_dice,completed,RS3Mamba,ResNet-18 + VMamba-Tiny,focal_dice,focal+dice,GRSL2024,2024.0,remote_sensing,focal_dice,80.0,0.191034,2.0,0.191034,2.0,2.2e-05,2.2e-05,,,1.411561,0.191012,,0.1998755484819412,0.2398506700992584,0.2604163289070129,0.3124995827674866,0.7250979542732239,,,0.191034,0.191034,0.252132,0.719807,43.325406,39.2956237175,78.591247435,11.601162950197857,0.4623637199401855,1.0,
rs3mamba_baseline2_augv2_weighted_ce_dice,completed,RS3Mamba,ResNet-18 + VMamba-Tiny,weighted_ce_dice,weighted_ce+dice,GRSL2024,2024.0,remote_sensing,weighted_ce_dice,80.0,0.231303,3.0,0.231303,3.0,2.2e-05,2.2e-05,,,1.867902,0.231281,,0.2556366920471191,0.3067640662193298,0.3566443026065826,0.427973210811615,0.6518712639808655,,,0.231303,0.231303,0.32193,0.684533,43.325406,39.2956237175,78.591247435,11.601162950197857,0.4623637199401855,1.0,
sam_rs_unetformer_baseline1_augv2_seg_bdy_obj_rerun_a10080,completed,SAM_RS,UNetFormer + SAM priors,native_samrs,seg+bdy+obj (native),TGRS2024,2024.0,vfm,native_samrs,80.0,0.29711,40.0,0.29711,40.0,0.240682,0.240682,0.304099,1.256075,0.965364,0.0564279999999999,1.139871560248226,0.2700481712818146,0.3240578174591064,0.3710233271121979,0.4452280104160309,0.6838590502738953,1.0379849622660284,,0.29711,0.29711,0.393353,0.689379,11.68803,11.758842378,23.517684756,3.3228546380996704,0.08743047714233398,,
rsseg_logcanplus_repvitm23,completed,LoGCAN++,RepViT-M2.3,native_ce_aux,ce+aux_ce (native),TGRS2025,2025.0,remote_sensing,native_ce_aux,80.0,0.2264001135640624,17.0,0.2264001135640624,17.0,,,,,,,,0.2264001135640624,0.2264001135640624,0.3065647505305512,0.3065647505305512,0.6353104665177345,,,0.2264001135640624,0.2264001135640624,0.3065647505305512,0.6353104665177345,25.1927,37.184785152,74.369570304,17.187000811100006,0.2225427627563476,0.0,
mfmamba_baseline1_augv2_ce_dice,completed,MF-Mamba,HRNet-W18,ce_dice,ce+dice,TGRS2025,2025.0,remote_sensing,ce_dice,80.0,0.303879,54.0,0.303879,54.0,0.3003,0.3003,0.950939,2.210551,1.78603,0.0035789999999999,2.259157419739869,0.2501123249530792,0.3001347780227661,0.3534695208072662,0.4241634309291839,0.6376227140426636,1.3827678953602156,0.8763895269664687,0.303879,0.303879,0.398812,0.65056,11.272878,19.4719632695,38.943926539,20.541512221097943,0.1325540542602539,1.0,
ppmambaseg_ppmamba_goldmdd_b8_e80_poly_ce_dice,completed,PPMambaSeg,swsl-ResNet-18,ce_dice,ce+dice,GRSL2025,2025.0,remote_sensing,ce_dice,80.0,0.3361580754211081,31.0,0.3361580754211081,31.0,,,,,,,,0.2933565946497269,0.3520279135796724,,0.4780008147309768,0.6682658362274575,,,0.3361580754211081,0.3361580754211081,0.436855391527811,0.7208191085953789,21.704934,22.995250712,45.990501424,11.27557655175527,0.31026744842529297,,
sam_rs_ftunetformer_baseline1_augv2_seg_bdy_obj,completed,SAM_RS,FTUNetFormer + SAM priors,native_samrs,seg+bdy+obj (native),TGRS2024,2024.0,vfm,native_samrs,80.0,0.285891,44.0,0.285891,44.0,,,,,,,,0.2435110360383987,0.2922132611274719,,0.4093647599220276,0.6871083974838257,,,0.2858913540840149,0.2858913540840149,0.377724,0.729698,96.137646,25.519038486,51.038076972,14.656291405359903,0.4374113082885742,,
sam_rs_abcnet_baseline1_augv2_seg_bdy_obj_fp32fix,completed,SAM_RS,ABCNet + SAM priors,native_samrs,seg+bdy+obj (native),TGRS2024,2024.0,vfm,native_samrs,80.0,0.310382,22.0,0.310382,22.0,2.2e-05,2.2e-05,,,3.183747,0.0222379999999999,3.164078710465458,0.2470142841339111,0.2964171171188354,0.0373230017721653,0.4097561836242676,0.6572774052619934,2.900446863813773,,0.3100911676883697,0.3100911676883697,0.407335,0.696035,13.964547,16.175800832,32.351601664,2.570455769697825,0.10141849517822266,,
sam_rs_cmtfnet_baseline1_augv2_seg_bdy_obj,completed,SAM_RS,CMTFNet + SAM priors,native_samrs,seg+bdy+obj (native),TGRS2024,2024.0,vfm,native_samrs,80.0,0.290887,74.0,0.290887,74.0,,,,,,,1.4137107084244371,0.2242694944143295,0.29155033826828,,0.4083802103996277,0.6597728133201599,1.32055588957856,,0.2908865809440613,0.2908865809440613,0.389766,0.648096,30.072697,33.069615744,66.139231488,6.215466310580571,0.3344717025756836,,
rsamseg_vit_b_baseline1_augv2_ce_dice,completed,RSAM-Seg,SAM-ViT-B (frozen encoder),ce_dice,ce+dice,RS2025,2025.0,vfm,ce_dice,80.0,0.295889675617218,19.0,0.295889675617218,19.0,0.2453161478042602,0.2641866207122803,0.958431219018339,1.7172465834276505,1.421934665799916,0.0317030549049377,1.4801828031504716,0.2509736120700836,0.3262656927108764,0.3439700901508331,0.4471611082553863,0.6977872848510742,0.8170409444403661,0.6631418581805225,0.2958906590938568,0.2958906590938568,0.3907133936882019,0.7304159998893738,98.587486,123.5273008,247.0546016,15.357085317373276,0.6102733612060547,,
rsamseg_vit_b_baseline2_augv2_weighted_ce_dice,completed,RSAM-Seg,SAM-ViT-B (frozen encoder),weighted_ce_dice,weighted_ce+dice,RS2025,2025.0,vfm,weighted_ce_dice,80.0,0.3127645254135132,13.0,0.3332642018795013,65.0,,,,,,,1.7363612585941126,0.2639985680580139,0.3695980608463287,,0.5085480809211731,0.6978006362915039,0.8637795787298972,0.8725816810121559,0.3094634413719177,0.3332683145999908,0.4505973160266876,0.6948217749595642,98.587486,123.5273008,247.0546016,15.357085317373276,0.6102733612060547,,
rsamseg_vit_b_baseline3_augv2_focal_dice,completed,RSAM-Seg,SAM-ViT-B (frozen encoder),focal_dice,focal+dice,RS2025,2025.0,vfm,focal_dice,80.0,0.2841176688671112,28.0,0.2841176688671112,28.0,,,,,,,1.2042348159972136,0.2653927505016327,0.3450106084346771,,0.4642159938812256,0.7429631948471069,0.4018939193478925,0.8023408970900373,0.2841123938560486,0.2841123938560486,0.3741720616817474,0.7545586228370667,98.587486,123.5273008,247.0546016,15.357085317373276,0.6102733612060547,,
geoseg_unetformer_goldmdd_b8_e80_poly_ce_dice/sessrs_official,completed,SESSRS,UNetFormer (ce+dice),sessrs_post,t1/t2 search + postprocess,TGRS2025,2025.0,vfm,sessrs_post,,0.3399191022846946,,0.3399191022846946,,,,,,,,,0.3298283557332813,0.39579402687993753,,0.5166855862869882,0.7279040131321234,,,0.3399191022846946,0.3399191022846946,0.43878454211159706,0.7645834751627127,11.725918,11.775443456,23.550886912,4.9342911098345965,0.08757352828979492,,
geoseg_unetformer_goldmdd_b8_e80_poly_weighted_ce_dice_auxce/sessrs_official,completed,SESSRS,UNetFormer (weighted),sessrs_post,t1/t2 search + postprocess,TGRS2025,2025.0,vfm,sessrs_post,,0.32856506177750217,,0.32856506177750217,,,,,,,,,0.2752185833800863,0.35778415839411226,,0.4942758612828322,0.6816194853966556,,,0.32856506177750217,0.32856506177750217,0.43419406219866985,0.7247048797656863,11.725918,11.775443456,23.550886912,5.064393510386731,0.08757352828979492,,
geoseg_unetformer_goldmdd_b8_e80_poly_focal_dice_auxfocal/sessrs_official,completed,SESSRS,UNetFormer (focal),sessrs_post,t1/t2 search + postprocess,TGRS2025,2025.0,vfm,sessrs_post,,0.3405983013441879,,0.3405983013441879,,,,,,,,,0.32278961241708987,0.3873475349005079,,0.5090518034127973,0.7195053690254863,,,0.3405983013441879,0.3405983013441879,0.440313091979468,0.7242078936773063,11.725918,11.775443456,23.550886912,4.784422166665684,0.08757352828979492,,
geoseg_abcnet_goldmdd_b8_e80_poly_ce_dice/sessrs_official,completed,SESSRS,ABCNet (ce+dice+aux),sessrs_post,t1/t2 search + postprocess,TGRS2025,2025.0,vfm,sessrs_post,,0.3077835100466324,,0.3077835100466324,,,,,,,,,0.2628671862983212,0.3154406235579854,,0.4311106454456932,0.683498301572398,,,0.3077835100466324,0.3077835100466324,0.40955439101538144,0.7069190836871122,13.964547,16.192988782,32.385977564,20.951877978299915,0.10044193267822266,,
geoseg_banet_goldmdd_b8_e80_poly_ce_dice/sessrs_official,completed,SESSRS,BANet (ce+dice),sessrs_post,t1/t2 search + postprocess,TGRS2025,2025.0,vfm,sessrs_post,,0.27914672042324906,,0.30061954507119126,,,,,,,,,0.2258892344765493,0.2936560048195141,,0.4160693929327269,0.6536129338190971,,,0.27914672042324906,0.30061954507119126,0.3986769144923288,0.7174686901117281,12.860838,15.690272723,31.380545446,7.7092501802545295,0.10294437408447266,,
geoseg_a2fpn_goldmdd_b8_e80_poly_ce_dice/sessrs_official,completed,SESSRS,A2FPN (ce+dice),sessrs_post,t1/t2 search + postprocess,TGRS2025,2025.0,vfm,sessrs_post,,0.3093802440394887,,0.3093802440394887,,,,,,,,,0.3085018899491995,0.37020226793903943,,0.4847642661550184,0.7337705396967407,,,0.3093802440394887,0.3093802440394887,0.4078206824352487,0.6813088492301506,12.162039,13.568292492,27.136584984,3.2009558308861594,0.21499872207641602,,
geoseg_a2fpn_goldmdd_b8_e80_poly_weighted_ce_dice/sessrs_official,completed,SESSRS,A2FPN (weighted),sessrs_post,t1/t2 search + postprocess,TGRS2025,2025.0,vfm,sessrs_post,,0.29844315225043055,,0.321400317808156,,,,,,,,,0.2674820723149358,0.37447490124091015,,0.5139383071005487,0.709815823977346,,,0.29844315225043055,0.321400317808156,0.44445431720661865,0.6441701759141366,12.162039,13.568292492,27.136584984,3.237602110720031,0.21499872207641602,,
geoseg_a2fpn_goldmdd_b8_e80_poly_focal_dice/sessrs_official,completed,SESSRS,A2FPN (focal),sessrs_post,t1/t2 search + postprocess,TGRS2025,2025.0,vfm,sessrs_post,,0.30350994490808814,,0.30350994490808814,,,,,,,,,0.2811578161673927,0.33738937940087127,,0.46132566720230833,0.6663309262086933,,,0.30350994490808814,0.30350994490808814,0.40587365482830984,0.6699354655233773,12.162039,13.568292492,27.136584984,3.3197666780067587,0.21499872207641602,,
geoseg_manet_goldmdd_b8_e80_poly_ce_dice/sessrs_official,completed,SESSRS,MANet (ce+dice),,t1/t2 search + postprocess,TGRS2025,2025.0,vfm,sessrs_post,,0.3161849967477823,,0.3161849967477823,,,,,,,,,0.30035650910177253,0.360427810922127,,0.48203836595784155,0.6774972161230757,,,0.3161849967477823,0.3161849967477823,0.41245142127126233,0.6766100546597769,35.862934,54.807887506,109.615775012,7.755681285635378,0.39400577545166016,,TGRS2025
geoseg_manet_goldmdd_b8_e80_poly_weighted_ce_dice,completed,MANet,ResNet-50,weighted_ce_dice,weighted_ce+dice,TGRS2022,2022.0,remote_sensing,weighted_ce_dice,80.0,0.3079012905166484,31.0,0.3315860051717752,31.0,,,,,,,,0.2734155355129274,0.3827817497180984,,0.5227878096380927,0.6759159556506018,,,0.3079012905166484,0.3315860051717752,0.4446596851631842,0.6724000438809176,35.862934,54.807887506,109.615775012,4.793971528609593,0.39400577545166016,,TGRS2022
geoseg_manet_goldmdd_b8_e80_poly_focal_dice,completed,MANet,ResNet-50,focal_dice,focal+dice,TGRS2022,2022.0,remote_sensing,focal_dice,80.0,0.301458021149328,57.0,0.3246470996992763,57.0,,,,,,,,0.2856227231733144,0.3998718124426401,,0.5431423492698431,0.6847841393721067,,,0.301458021149328,0.3246470996992763,0.4413955662898663,0.6834595975138507,35.862934,54.807887506,109.615775012,4.793971528609593,0.39400577545166016,,TGRS2022
mcpnet_r50_baseline1_augv2_ce_dice,completed,MCPNet,ResNet-50,ce_dice,ce+dice,TGRS2025,2025.0,remote_sensing,ce_dice,80.0,0.305147373441603,60.0,0.305147373441603,60.0,,,,,,,,0.2182902352679341,0.3056063293751078,,0.4267339892892821,0.6679938636073458,,,0.305147373441603,0.305147373441603,0.3951925718792344,0.7140224536032322,45.151567,55.493292032,110.986584064,6.8756793936093645,0.3527793884277344,,TGRS2025
mcpnet_r50_baseline2_augv2_weighted_ce_dice_fix,completed,MCPNet,ResNet-50,weighted_ce_dice,weighted_ce+dice,TGRS2025,2025.0,remote_sensing,weighted_ce_dice,80.0,0.2954038649117527,23.0,0.3181272391357337,23.0,,,,,,,,0.2280628958464606,0.3192880541850448,,0.4552138858209434,0.6404520015496944,,,0.2954038649117527,0.3181272391357337,0.4177832850479123,0.7706205921748472,45.151567,55.493292032,110.986584064,6.8756793936093645,0.3527793884277344,,TGRS2025
mcpnet_r50_baseline3_augv2_focal_dice_fix,completed,MCPNet,ResNet-50,focal_dice,focal+dice,TGRS2025,2025.0,remote_sensing,focal_dice,80.0,0.3026510133544883,33.0,0.3026510133544883,33.0,,,,,,,,0.248659844024168,0.3232577972314184,,0.444833195826305,0.6898474021965715,,,0.3026510133544883,0.3026510133544883,0.3944218145165642,0.7600681242042713,45.151567,55.493292032,110.986584064,6.8756793936093645,0.3527793884277344,,TGRS2025
ppmambaseg_ppmamba_goldmdd_b8_e80_poly_weighted_ce_dice,completed,PPMambaSeg,swsl-ResNet-18,weighted_ce_dice,weighted_ce+dice,GRSL2025,2025.0,remote_sensing,weighted_ce_dice,80.0,0.3466134083184726,42.0,0.3466134083184726,42.0,,,,,,,,0.2752539229897838,0.3853554921856973,,0.5298209326832755,0.6816404366616989,,,0.3466134083184726,0.3466134083184726,0.470823785064388,0.670620198844534,21.704934,22.995250712,45.990501424,11.27557655175527,0.31026744842529297,,GRSL2025
ppmambaseg_ppmamba_goldmdd_b8_e80_poly_focal_dice,completed,PPMambaSeg,swsl-ResNet-18,focal_dice,focal+dice,GRSL2025,2025.0,remote_sensing,focal_dice,80.0,0.3410505719868989,5.0,0.3410505719868989,5.0,,,,,,,,0.324778194436249,0.3897338333234988,,0.5099971555898402,0.7103232891842296,,,0.3410505719868989,0.3410505719868989,0.4401562009408585,0.7490238940297218,21.704934,22.995250712,45.990501424,11.27557655175527,0.31026744842529297,,GRSL2025
geoseg_dcswin_small_goldmdd_b8_e80_poly_ce_dice,completed,DC-Swin,Swin-Small,ce_dice,ce+dice,TGRS2022,2022.0,remote_sensing,ce_dice,80.0,0.2883882408547086,31.0,0.2883882408547086,31.0,,,,,,,,0.2476078190007227,0.2971293828008672,,0.4172760685319264,0.6583838095406773,,,0.2883882408547086,0.2883882408547086,0.3846203364599165,0.6993718543273241,66.950252,72.196244696,144.392489392,12.380387137333551,0.35608482360839844,,TGRS2022
geoseg_pyramidmamba_goldmdd_b8_e80_poly_ce_dice,completed,PyramidMamba,Swin-Base,ce_dice,ce+dice,JAG2025,2025.0,remote_sensing,ce_dice,80.0,0.3703454163543084,68.0,0.3703454163543084,68.0,,,,,,,,0.2846693762304489,0.3985371267226284,,0.5360449828746923,0.6832720593355353,,,0.3703454163543084,0.3703454163543084,0.4900256290225826,0.7317761705492627,125.107704,108.877419264,217.754838528,13.758072505394617,0.6582131385803223,,JAG2025
geoseg_pyramidmamba_goldmdd_b8_e80_poly_weighted_ce_dice,completed,PyramidMamba,Swin-Base,weighted_ce_dice,weighted_ce+dice,JAG2025,2025.0,remote_sensing,weighted_ce_dice,80.0,0.38303489599291946,,0.4124991187616056,,,,,,,,,0.31528287199622823,0.4413960207947195,,0.5864271931424783,0.696717572863324,,,0.38303489599291946,0.4124991187616056,0.5428284718980577,0.7538416228665116,125.107704,108.877419264,217.754838528,13.758072505394617,0.6582131385803223,,JAG2025
geoseg_pyramidmamba_goldmdd_b8_e80_poly_focal_dice,completed,PyramidMamba,Swin-Base,focal_dice,focal+dice,JAG2025,2025.0,remote_sensing,focal_dice,80.0,0.3684687769754088,,0.3684687769754088,,,,,,,,,0.2829549176496244,0.3961368847094742,,0.5303896900702008,0.6698500870520327,,,0.3684687769754088,0.3684687769754088,0.4794393044656126,0.7263017455300745,125.107704,108.877419264,217.754838528,13.758072505394617,0.6582131385803223,,JAG2025
sam2_1_default_full_e80_b8_ce_dice_msfpn,completed,SAM2.1,"Hiera-B+ (full finetune, msfpn)",ce_dice,ce+dice,ICLR2025,2025.0,vfm,baseline1,80.0,0.2902826964855194,34.0,0.2902826964855194,34.0,,,,,,,,0.2404553741216659,0.2885464131832123,,0.4088947176933288,0.6561907529830933,,,0.2902826964855194,0.2902826964855194,0.3880332708358764,0.6894277334213257,83.897616,95.908347904,191.816695808,10.485725601514181,0.5898408889770508,,ICLR2025
sam2_1_default_full_e80_b8_weighted_ce_dice_msfpn,completed,SAM2.1,"Hiera-B+ (full finetune, msfpn)",weighted_ce_dice,weighted_ce+dice,ICLR2025,2025.0,vfm,baseline2,80.0,0.2723186314105987,40.0,0.293266236782074,40.0,,,,,,,,0.2053740322589874,0.2875236570835113,,0.4058440327644348,0.6768565773963928,,,0.2723186314105987,0.293266236782074,0.3975581526756286,0.7158034443855286,83.897616,95.908347904,191.816695808,10.485725601514181,0.5898408889770508,,ICLR2025
sam2_1_default_full_e80_b8_focal_dice_msfpn,completed,SAM2.1,"Hiera-B+ (full finetune, msfpn)",focal_dice,focal+dice,ICLR2025,2025.0,vfm,baseline3,80.0,0.2906103432178497,25.0,0.2906103432178497,25.0,,,,,,,,0.2483420372009277,0.2980104684829712,,0.4155403971672058,0.6870467066764832,,,0.2906103432178497,0.2906103432178497,0.386195957660675,0.6832020878791809,83.897616,95.908347904,191.816695808,10.485725601514181,0.5898408889770508,,ICLR2025
sam2_1_freeze_backbone_e80_b8_ce_dice_msfpn,completed,SAM2.1,"Hiera-B+ (frozen backbone, msfpn)",ce_dice,ce+dice,ICLR2025,2025.0,vfm,baseline1,80.0,0.2082152664661407,57.0,0.2242318242788314,57.0,,,,,,,,0.1862760633230209,0.2421588897705078,,0.3510134220123291,0.619263768196106,,,0.2082152664661407,0.2242318242788314,0.3053491115570068,0.6756656169891357,83.897616,95.908347904,191.816695808,10.485725601514181,0.5898408889770508,,ICLR2025
sam2_1_freeze_backbone_e80_b8_weighted_ce_dice_msfpn,completed,SAM2.1,"Hiera-B+ (frozen backbone, msfpn)",weighted_ce_dice,weighted_ce+dice,ICLR2025,2025.0,vfm,baseline2,80.0,0.2160227596759796,56.0,0.2326398938894271,56.0,,,,,,,,0.157668799161911,0.2207363098859787,,0.3235030174255371,0.5937532782554626,,,0.2160227596759796,0.2326398938894271,0.3165358006954193,0.6927767395973206,83.897616,95.908347904,191.816695808,10.485725601514181,0.5898408889770508,,ICLR2025
sam2_1_freeze_backbone_e80_b8_focal_dice_msfpn,completed,SAM2.1,"Hiera-B+ (frozen backbone, msfpn)",focal_dice,focal+dice,ICLR2025,2025.0,vfm,baseline3,80.0,0.2124272286891937,56.0,0.2287677824497223,56.0,,,,,,,,0.1808643341064453,0.2351236343383789,,0.3438430726528168,0.6158303618431091,,,0.2124272286891937,0.2287677824497223,0.3108274042606354,0.6902621984481812,83.897616,95.908347904,191.816695808,10.485725601514181,0.5898408889770508,,ICLR2025
hq_sam_default_full_e80_b8_ce_dice_msfpn,completed,HQ-SAM,"ViT-B + HQ decoder (full finetune, msfpn)",ce_dice,ce+dice,NeurIPS2023,2023.0,vfm,baseline1,80.0,0.2066938430070877,74.0,0.2225933670997619,74.0,,,,,,,,0.1775311380624771,0.2485435903072357,,0.3558301329612732,0.6389881372451782,,,0.2066938430070877,0.2225933670997619,0.2996856868267059,0.6866173148155212,97.829438,491.565093248,983.130186496,74.33629433314006,2.7570595741271973,,NeurIPS2023
hq_sam_default_full_e80_b8_weighted_ce_dice_msfpn,completed,HQ-SAM,"ViT-B + HQ decoder (full finetune, msfpn)",weighted_ce_dice,weighted_ce+dice,NeurIPS2023,2023.0,vfm,baseline2,80.0,0.2076953649520874,64.0,0.2236719280481338,64.0,,,,,,,,0.1813150197267532,0.2538410127162933,,0.3711358904838562,0.6149535179138184,,,0.2076953649520874,0.2236719280481338,0.3076547980308532,0.6653258204460144,97.829438,491.565093248,983.130186496,74.33629433314006,2.7570595741271973,,NeurIPS2023
hq_sam_default_full_e80_b8_focal_dice_msfpn,completed,HQ-SAM,"ViT-B + HQ decoder (full finetune, msfpn)",focal_dice,focal+dice,NeurIPS2023,2023.0,vfm,baseline3,80.0,0.2087432295083999,53.0,0.2248004078865051,53.0,,,,,,,,0.1925348490476608,0.2502953112125397,,0.3560546040534973,0.6538944244384766,,,0.2087432295083999,0.2248004078865051,0.2972735464572906,0.7094228267669678,97.829438,491.565093248,983.130186496,74.33629433314006,2.7570595741271973,,NeurIPS2023
geoseg_manet_goldmdd_b8_e80_poly_weighted_ce_dice/sessrs_official,running,SESSRS,MANet (weighted),,t1/t2 search + postprocess,TGRS2025,2025.0,vfm,sessrs_post,,,,,,,,,,,,,,,,,,,,,,,,35.862934,54.807887506,109.615775012,4.793971528609593,0.39400577545166016,,TGRS2025
geoseg_manet_goldmdd_b8_e80_poly_focal_dice/sessrs_official,completed,SESSRS,MANet (focal),,t1/t2 search + postprocess,TGRS2025,2025.0,vfm,sessrs_post,,0.17226735611491772,,0.301467873201106,,,,,,,,,0.28801176715075066,0.40321647401105104,,0.546709341083937,0.6848999617807672,,,0.17226735611491772,0.301467873201106,0.4057041469233572,0.637904049567316,35.862934,54.807887506,109.615775012,7.072277489379362,0.39400577545166016,,TGRS2025
